url_0,"[14,1,2,3,4,5,6,7,8,9,10,11,12,13]"
url_1,"[1,14,2,3,4,5,6,7,8,9,10,11,12,13]"
url_2,"[2,1,14,3,4,5,6,7,8,9,10,11,12,13]"
url_3,"[3,1,2,14,4,5,6,7,8,9,10,11,12,13]"
url_4,"[4,1,2,3,14,5,6,7,8,9,10,11,12,13]"
url_5,"[5,1,2,3,4,14,6,7,8,9,10,11,12,13]"
url_6,"[6,1,2,3,4,5,14,7,8,9,10,11,12,13]"
url_7,"[7,1,2,3,4,5,6,14,8,9,10,11,12,13]"
url_8,"[8,1,2,3,4,5,6,7,14,9,10,11,12,13]"
url_9,"[9,1,2,3,4,5,6,7,8,14,10,11,12,13]"
url_10,"[10,1,2,3,4,5,6,7,8,9,14,11,12,13]"
url_11,"[11,1,2,3,4,5,6,7,8,9,10,14,12,13]"
url_12,"[13,1,2,3,4,5,6,7,8,9,10,11,14,13]"
url_13,"[13,1,2,3,4,5,6,7,8,9,10,11,12,14]"
